model,accuracy_mean,accuracy_std,f1_mean,f1_std,auc_mean,auc_std,average_precision_mean,average_precision_std,brier_mean,brier_std,cross_entropy_mean,cross_entropy_std,fit_time_s_mean,fit_time_s_std,inference_ms_per_row_mean,inference_ms_per_row_std
Expert DAG,0.9360322238823928,4.48032163523431e-05,0.1439084359269726,0.0010008397393266087,0.6003555432130919,0.003748870635808761,0.08642148844723879,0.0015999832474242052,0.05942270608664487,6.416148055250424e-05,0.23378776683298738,0.0003412670759990413,0.08557953999843448,0.015181316654873392,0.5057329870183814,0.0023032833624618498
Hill-Climb (BIC),0.9360322238823928,4.48032163523431e-05,0.1391738908251811,0.0013364993115906297,0.5881925343873725,0.007982834202213164,0.08135616288286188,0.003346430655272945,0.05947169251721539,8.760632358064764e-05,0.234238440214946,0.0005864441427546128,1.3699313000019173,0.06354277685609516,0.5877581451051643,0.008828837632804318
Tree-Augmented Naive Bayes,0.9360322238823928,4.48032163523431e-05,0.1433049577265784,0.003571251838863812,0.6012313962113189,0.0072811727786658495,0.08731427542714162,0.0031743803905357223,0.059434480902705776,0.00010541481645063598,0.23381547273102057,0.000830212001850715,1.192977100002463,0.8747312158561699,0.7496021728817094,0.006619400829631852
