model,accuracy_mean,accuracy_std,f1_mean,f1_std,auc_mean,auc_std,average_precision_mean,average_precision_std,brier_mean,brier_std,cross_entropy_mean,cross_entropy_std,fit_time_s_mean,fit_time_s_std,inference_ms_per_row_mean,inference_ms_per_row_std
Expert DAG,0.93605,0.00011180339887499372,0.12309820895539632,0.010889218805976469,0.5117053708775607,0.027493696607086657,0.06568857273638379,0.003970660994059236,0.05989434913529159,0.0001059541648983262,0.23797757655444815,0.0008208670234814182,0.04846678000176326,0.006165211551797509,0.5060288399989077,0.02028918934950713
Hill-Climb (BIC),0.93605,0.00011180339887499372,0.12196225115836792,0.007022878151988652,0.5255308599950528,0.024603159856372205,0.06768958082564186,0.0035390997895132907,0.05984437243492362,0.00011752125182865674,0.23757085941291206,0.0006707624441014876,0.503530019999016,0.048159159533379105,0.5284572899989144,0.024251020068819008
Tree-Augmented Naive Bayes,0.93605,0.00011180339887499372,0.12057990704487742,0.006545461927658225,0.5155154223546989,0.017243188915595387,0.06698572956079615,0.0028822832659648233,0.059948869894840676,5.477969805674632e-05,0.23848324121410328,0.00020380168279648237,0.807524800003739,1.3055319906084808,0.695741514999827,0.008303804635233381
