model,accuracy_mean,accuracy_std,f1_mean,f1_std,auc_mean,auc_std,average_precision_mean,average_precision_std,brier_mean,brier_std,cross_entropy_mean,cross_entropy_std,fit_time_s_mean,fit_time_s_std,inference_ms_per_row_mean,inference_ms_per_row_std
Expert DAG,0.93605,0.00011180339887497717,0.11748590115589026,0.010832301414583204,0.5177661795152645,0.01838435868297793,0.06767213748873963,0.004031286377702196,0.05989917110177142,7.049693003921315e-05,0.23802175189487745,0.0005345022113049846,0.046506280079483986,0.0028284602030337835,0.4798262499971315,0.005271113277808713
Hill-Climb (BIC),0.93605,0.00011180339887497717,0.11852075056318614,0.016011040127154354,0.5274112367773724,0.028214860689810224,0.0682087368029673,0.004670198324246028,0.05985227522230999,4.285277743590447e-05,0.23762075117332815,0.00042629877388226646,0.4680847399868071,0.015535878947966214,0.5075701600057073,0.008758379514093664
Tree-Augmented Naive Bayes,0.93605,0.00011180339887497717,0.1225281942507425,0.011034029849603574,0.5330922936963154,0.020950431635454243,0.07013042686271462,0.0050230604896726525,0.05996413491302351,0.00019972051109558268,0.23878440366909254,0.0014170246832455173,0.624147060001269,0.8861376743461991,0.6799740700167604,0.005097755340438386
